{"blog-sidebar":{"search-2":{"title":""},"categories-2":{"title":"Catagories","count":0,"hierarchical":0,"dropdown":0},"tp-latest-posts-2":{"title":"Recent Post","count":"3","posts_order":"DESC"},"tag_cloud-2":{"title":"Tags","count":0,"taxonomy":"post_tag"}},"product-sidebar":{"woocommerce_product_categories-2":{"title":"Product categories","orderby":"name","dropdown":0,"count":0,"hierarchical":1,"show_children_only":0,"hide_empty":0,"max_depth":""},"woocommerce_price_filter-3":{"title":"Filter by price"},"woocommerce_products-2":{"title":"Products","number":3,"show":"","orderby":"date","order":"desc","hide_free":0,"show_hidden":0}},"services-sidebar":{"tp-services-list-2":{"title":"Electric services","count":"6","posts_order":"DESC"},"custom_html-3":{"title":"","content":"<div class=\"tp-service-details-thumb-box text-center\">\r\n   <a href=\"https:\/\/wp.hixstudio.net\"><img src=\"https:\/\/wp.hixstudio.net\/biddut\/wp-content\/themes\/biddut\/assets\/img\/logo\/black-logo.png\" alt=\"\"><\/a>                           \r\n   <h4 class=\"tp-service-details-title mt-35 mb-25\">Get full range <br> of premium services<\/h4>\r\n   <div class=\"tp-service-details-thumb\">\r\n      <img src=\"https:\/\/wp.hixstudio.net\/biddut\/wp-content\/themes\/biddut\/assets\/img\/service\/Service-Details.png\" alt=\"\">\r\n   <\/div>\r\n<\/div>"},"custom_html-4":{"title":"","content":"<div class=\"tp-service-details-contact-box d-flex align-items-center\">\r\n   <div class=\"tp-service-details-contact-icon\">\r\n      <span><i class=\"flaticon-phone-call\"><\/i><\/span>\r\n   <\/div>\r\n   <div class=\"tp-service-details-contact-text\">\r\n      <span>Talk to an expert <\/span>\r\n      <a href=\"tel:9978687655689\"><span>Free<\/span> +99 (786) 8765 5689<\/a>\r\n   <\/div>\r\n<\/div>"}},"footer-1":{"custom_html-2":{"title":"","content":"<div class=\"tp-footer-logo\">\r\n   <a href=\"https:\/\/wp.hixstudio.net\"><img src=\"https:\/\/wp.hixstudio.net\/biddut\/wp-content\/themes\/biddut\/assets\/img\/logo\/white-logo.png\" alt=\"\"><\/a>\r\n<\/div>\r\n<div class=\"tp-footer-text\">\r\n   <p>Desires to obtain pain of it because it is pain but occasionally circum We work with a passion of challenges <\/p>\r\n<\/div>\r\n<div class=\"tp-footer-contact\">\r\n   <a href=\"mailto:biddutcompany@gmail.com\"><i class=\"flaticon-mail-1\"><\/i>biddutcompany@gmail.com<\/a>\r\n   <a href=\"#\"><i class=\"flaticon-pin\"><\/i>Division  San fransico , USA <\/a>\r\n<\/div>"}},"footer-2":{"nav_menu-2":{"title":"Usefull Links","nav_menu":16}},"footer-3":{"nav_menu-3":{"title":"Services","nav_menu":17}},"footer-4":{"wpzoom_instagram_widget-2":{"title":"Instagram","button_text":"","image-limit":6,"images-per-row":3,"image-width":120,"image-spacing":10,"image-resolution":"low_resolution","username":"","show-view-on-instagram-button":false,"show-counts-on-hover":false,"show-user-info":false,"show-user-bio":false,"lazy-load-images":false,"disable-video-thumbs":false,"display-media-type-icons":false,"lightbox":false}}}